{
  "annotations": {
    "list": [
      {
        "builtIn": 1,
        "datasource": {
          "type": "grafana",
          "uid": "-- Grafana --"
        },
        "enable": true,
        "hide": true,
        "iconColor": "rgba(0, 211, 255, 1)",
        "name": "Annotations & Alerts",
        "type": "dashboard"
      }
    ]
  },
  "editable": true,
  "fiscalYearStartMonth": 0,
  "graphTooltip": 0,
  "id": 2,
  "links": [],
  "liveNow": false,
  "panels": [
    {
      "datasource": {
        "type": "influxdb",
        "uid": "JOSE3g9KVz"
      },
      "gridPos": {
        "h": 4,
        "w": 4,
        "x": 0,
        "y": 0
      },
      "id": 15,
      "options": {
        "code": {
          "language": "plaintext",
          "showLineNumbers": false,
          "showMiniMap": false
        },
        "content": "<img src=\"https://accelleran.com/wp-content/uploads/2023/07/acceleran-logo-300x89-1.png\" />",
        "mode": "html"
      },
      "pluginVersion": "10.2.3",
      "transparent": true,
      "type": "text"
    },
    {
      "datasource": {
        "type": "influxdb",
        "uid": "JOSE3g9KVz"
      },
      "description": "",
      "fieldConfig": {
        "defaults": {
          "color": {
            "mode": "thresholds"
          },
          "mappings": [],
          "thresholds": {
            "mode": "absolute",
            "steps": [
              {
                "color": "green",
                "value": null
              },
              {
                "color": "red",
                "value": 80
              }
            ]
          }
        },
        "overrides": []
      },
      "gridPos": {
        "h": 4,
        "w": 3,
        "x": 4,
        "y": 0
      },
      "id": 12,
      "options": {
        "colorMode": "value",
        "graphMode": "none",
        "justifyMode": "auto",
        "orientation": "auto",
        "reduceOptions": {
          "calcs": [
            "last"
          ],
          "fields": "",
          "values": false
        },
        "textMode": "auto",
        "wideLayout": true
      },
      "pluginVersion": "10.2.3",
      "targets": [
        {
          "datasource": {
            "type": "influxdb",
            "uid": "JOSE3g9KVz"
          },
          "query": "from(bucket: \"srsran\")\n  |> range(start: v.timeRangeStart, stop: v.timeRangeStop)\n  |> filter(fn: (r) => r[\"_measurement\"] == \"ue_count\")\n  |> filter(fn: (r) => r[\"testbed\"] == \"default\")\n  |> filter(fn: (r) => r[\"_field\"] == \"value\")\n  |> last()",
          "refId": "A"
        }
      ],
      "title": "Active UEs",
      "transparent": true,
      "type": "stat"
    },
    {
      "datasource": {
        "type": "influxdb",
        "uid": "JOSE3g9KVz"
      },
      "description": "",
      "fieldConfig": {
        "defaults": {
          "color": {
            "mode": "palette-classic"
          },
          "custom": {
            "axisBorderShow": false,
            "axisCenteredZero": false,
            "axisColorMode": "text",
            "axisLabel": "",
            "axisPlacement": "auto",
            "barAlignment": 0,
            "drawStyle": "line",
            "fillOpacity": 0,
            "gradientMode": "none",
            "hideFrom": {
              "legend": false,
              "tooltip": false,
              "viz": false
            },
            "insertNulls": 30000,
            "lineInterpolation": "linear",
            "lineStyle": {
              "fill": "solid"
            },
            "lineWidth": 1,
            "pointSize": 7,
            "scaleDistribution": {
              "type": "linear"
            },
            "showPoints": "never",
            "spanNulls": false,
            "stacking": {
              "group": "A",
              "mode": "none"
            },
            "thresholdsStyle": {
              "mode": "dashed"
            }
          },
          "decimals": 0,
          "mappings": [],
          "min": 0,
          "thresholds": {
            "mode": "absolute",
            "steps": [
              {
                "color": "green",
                "value": null
              }
            ]
          },
          "unit": "none"
        },
        "overrides": []
      },
      "gridPos": {
        "h": 4,
        "w": 5,
        "x": 7,
        "y": 0
      },
      "id": 14,
      "options": {
        "legend": {
          "calcs": [],
          "displayMode": "table",
          "placement": "right",
          "showLegend": false
        },
        "tooltip": {
          "mode": "single",
          "sort": "none"
        }
      },
      "targets": [
        {
          "datasource": {
            "type": "influxdb",
            "uid": "JOSE3g9KVz"
          },
          "query": "from(bucket: \"srsran\")\n  |> range(start: v.timeRangeStart, stop: v.timeRangeStop)\n  |> filter(fn: (r) => r[\"_measurement\"] == \"ue_count\")\n  |> filter(fn: (r) => r[\"testbed\"] == \"default\")\n  |> filter(fn: (r) => r[\"_field\"] == \"value\")",
          "refId": "Downlink"
        }
      ],
      "title": "Active UEs",
      "transformations": [
        {
          "id": "renameByRegex",
          "options": {
            "regex": ".*",
            "renamePattern": "Active UEs"
          }
        }
      ],
      "type": "timeseries"
    },
    {
      "datasource": {
        "type": "influxdb",
        "uid": "JOSE3g9KVz"
      },
      "description": "",
      "fieldConfig": {
        "defaults": {
          "color": {
            "mode": "thresholds"
          },
          "mappings": [],
          "thresholds": {
            "mode": "absolute",
            "steps": [
              {
                "color": "green",
                "value": null
              }
            ]
          },
          "unit": "bps"
        },
        "overrides": []
      },
      "gridPos": {
        "h": 4,
        "w": 8,
        "x": 12,
        "y": 0
      },
      "id": 3,
      "options": {
        "colorMode": "value",
        "graphMode": "area",
        "justifyMode": "auto",
        "orientation": "auto",
        "reduceOptions": {
          "calcs": [
            "last"
          ],
          "fields": "",
          "values": false
        },
        "textMode": "auto",
        "wideLayout": true
      },
      "pluginVersion": "10.2.3",
      "targets": [
        {
          "datasource": {
            "type": "influxdb",
            "uid": "JOSE3g9KVz"
          },
          "query": "from(bucket: \"srsran\")\n  |> range(start: v.timeRangeStart, stop: v.timeRangeStop)\n  |> filter(fn: (r) => r[\"_measurement\"] == \"ue_info\")\n  |> filter(fn: (r) => r[\"testbed\"] == \"default\")\n  |> filter(fn: (r) => r[\"_field\"] == \"dl_brate\")",
          "refId": "A"
        }
      ],
      "title": "Current Total Downlink Bitrate",
      "transformations": [
        {
          "id": "calculateField",
          "options": {
            "mode": "reduceRow",
            "reduce": {
              "reducer": "sum"
            },
            "replaceFields": true
          }
        }
      ],
      "type": "stat"
    },
    {
      "datasource": {
        "type": "influxdb",
        "uid": "JOSE3g9KVz"
      },
      "description": "",
      "fieldConfig": {
        "defaults": {
          "color": {
            "mode": "thresholds"
          },
          "mappings": [],
          "thresholds": {
            "mode": "absolute",
            "steps": [
              {
                "color": "green",
                "value": null
              }
            ]
          },
          "unit": "bps"
        },
        "overrides": []
      },
      "gridPos": {
        "h": 4,
        "w": 4,
        "x": 20,
        "y": 0
      },
      "id": 18,
      "options": {
        "colorMode": "value",
        "graphMode": "none",
        "justifyMode": "auto",
        "orientation": "auto",
        "reduceOptions": {
          "calcs": [
            "max"
          ],
          "fields": "",
          "values": false
        },
        "textMode": "auto",
        "wideLayout": true
      },
      "pluginVersion": "10.2.3",
      "targets": [
        {
          "datasource": {
            "type": "influxdb",
            "uid": "JOSE3g9KVz"
          },
          "query": "from(bucket: \"srsran\")\n  |> range(start: v.timeRangeStart, stop: v.timeRangeStop)\n  |> filter(fn: (r) => r[\"_measurement\"] == \"ue_info\")\n  |> filter(fn: (r) => r[\"testbed\"] == \"default\")\n  |> filter(fn: (r) => r[\"_field\"] == \"dl_brate\")",
          "refId": "A"
        }
      ],
      "title": "Maximum Total Downlink Bitrate",
      "transformations": [
        {
          "id": "calculateField",
          "options": {
            "mode": "reduceRow",
            "reduce": {
              "reducer": "sum"
            },
            "replaceFields": true
          }
        }
      ],
      "type": "stat"
    },
    {
      "datasource": {
        "type": "influxdb",
        "uid": "JOSE3g9KVz"
      },
      "gridPos": {
        "h": 2,
        "w": 12,
        "x": 0,
        "y": 4
      },
      "id": 25,
      "options": {
        "code": {
          "language": "plaintext",
          "showLineNumbers": false,
          "showMiniMap": false
        },
        "content": "# UL",
        "mode": "markdown"
      },
      "pluginVersion": "10.2.3",
      "transparent": true,
      "type": "text"
    },
    {
      "datasource": {
        "type": "influxdb",
        "uid": "JOSE3g9KVz"
      },
      "gridPos": {
        "h": 2,
        "w": 12,
        "x": 12,
        "y": 4
      },
      "id": 24,
      "options": {
        "code": {
          "language": "plaintext",
          "showLineNumbers": false,
          "showMiniMap": false
        },
        "content": "# DL",
        "mode": "markdown"
      },
      "pluginVersion": "10.2.3",
      "transparent": true,
      "type": "text"
    },
    {
      "datasource": {
        "type": "influxdb",
        "uid": "JOSE3g9KVz"
      },
      "description": "",
      "fieldConfig": {
        "defaults": {
          "color": {
            "mode": "palette-classic"
          },
          "custom": {
            "axisBorderShow": false,
            "axisCenteredZero": false,
            "axisColorMode": "text",
            "axisLabel": "",
            "axisPlacement": "auto",
            "barAlignment": 0,
            "drawStyle": "line",
            "fillOpacity": 0,
            "gradientMode": "none",
            "hideFrom": {
              "legend": false,
              "tooltip": false,
              "viz": false
            },
            "insertNulls": 30000,
            "lineInterpolation": "linear",
            "lineWidth": 1,
            "pointSize": 7,
            "scaleDistribution": {
              "type": "linear"
            },
            "showPoints": "never",
            "spanNulls": false,
            "stacking": {
              "group": "A",
              "mode": "none"
            },
            "thresholdsStyle": {
              "mode": "dashed"
            }
          },
          "decimals": 3,
          "mappings": [],
          "thresholds": {
            "mode": "absolute",
            "steps": [
              {
                "color": "green",
                "value": null
              }
            ]
          },
          "unit": "bps"
        },
        "overrides": []
      },
      "gridPos": {
        "h": 6,
        "w": 12,
        "x": 0,
        "y": 6
      },
      "id": 16,
      "options": {
        "legend": {
          "calcs": [
            "last"
          ],
          "displayMode": "table",
          "placement": "right",
          "showLegend": true
        },
        "tooltip": {
          "mode": "single",
          "sort": "none"
        }
      },
      "targets": [
        {
          "datasource": {
            "type": "influxdb",
            "uid": "JOSE3g9KVz"
          },
          "query": "from(bucket: \"srsran\")\n  |> range(start: v.timeRangeStart, stop: v.timeRangeStop)\n  |> filter(fn: (r) => r[\"_measurement\"] == \"ue_info\")\n  |> filter(fn: (r) => r[\"testbed\"] == \"default\")\n  |> filter(fn: (r) => r[\"_field\"] == \"ul_brate\")\n",
          "refId": "Downlink"
        }
      ],
      "title": "Uplink Bitrate",
      "transformations": [
        {
          "id": "renameByRegex",
          "options": {
            "regex": ".*rnti=\"(\\w+).*$",
            "renamePattern": "UE $1"
          }
        }
      ],
      "type": "timeseries"
    },
    {
      "datasource": {
        "type": "influxdb",
        "uid": "JOSE3g9KVz"
      },
      "description": "",
      "fieldConfig": {
        "defaults": {
          "color": {
            "mode": "palette-classic"
          },
          "custom": {
            "axisBorderShow": false,
            "axisCenteredZero": false,
            "axisColorMode": "text",
            "axisLabel": "",
            "axisPlacement": "auto",
            "barAlignment": 0,
            "drawStyle": "line",
            "fillOpacity": 0,
            "gradientMode": "none",
            "hideFrom": {
              "legend": false,
              "tooltip": false,
              "viz": false
            },
            "insertNulls": 30000,
            "lineInterpolation": "linear",
            "lineWidth": 1,
            "pointSize": 7,
            "scaleDistribution": {
              "type": "linear"
            },
            "showPoints": "never",
            "spanNulls": false,
            "stacking": {
              "group": "A",
              "mode": "none"
            },
            "thresholdsStyle": {
              "mode": "dashed"
            }
          },
          "decimals": 3,
          "mappings": [],
          "thresholds": {
            "mode": "absolute",
            "steps": [
              {
                "color": "green",
                "value": null
              }
            ]
          },
          "unit": "bps"
        },
        "overrides": []
      },
      "gridPos": {
        "h": 6,
        "w": 12,
        "x": 12,
        "y": 6
      },
      "id": 1,
      "options": {
        "legend": {
          "calcs": [
            "last"
          ],
          "displayMode": "table",
          "placement": "right",
          "showLegend": true
        },
        "tooltip": {
          "mode": "single",
          "sort": "none"
        }
      },
      "targets": [
        {
          "datasource": {
            "type": "influxdb",
            "uid": "JOSE3g9KVz"
          },
          "query": "from(bucket: \"srsran\")\n  |> range(start: v.timeRangeStart, stop: v.timeRangeStop)\n  |> filter(fn: (r) => r[\"_measurement\"] == \"ue_info\")\n  |> filter(fn: (r) => r[\"testbed\"] == \"default\")\n  |> filter(fn: (r) => r[\"_field\"] == \"dl_brate\")\n",
          "refId": "Downlink"
        }
      ],
      "title": "Downlink Bitrate",
      "transformations": [
        {
          "id": "renameByRegex",
          "options": {
            "regex": ".*rnti=\"(\\w+).*$",
            "renamePattern": "UE $1"
          }
        }
      ],
      "type": "timeseries"
    },
    {
      "datasource": {
        "type": "influxdb",
        "uid": "JOSE3g9KVz"
      },
      "description": "",
      "fieldConfig": {
        "defaults": {
          "color": {
            "mode": "palette-classic"
          },
          "custom": {
            "axisBorderShow": false,
            "axisCenteredZero": false,
            "axisColorMode": "text",
            "axisLabel": "",
            "axisPlacement": "auto",
            "barAlignment": 0,
            "drawStyle": "line",
            "fillOpacity": 0,
            "gradientMode": "none",
            "hideFrom": {
              "legend": false,
              "tooltip": false,
              "viz": false
            },
            "insertNulls": 30000,
            "lineInterpolation": "linear",
            "lineStyle": {
              "fill": "solid"
            },
            "lineWidth": 1,
            "pointSize": 7,
            "scaleDistribution": {
              "type": "linear"
            },
            "showPoints": "never",
            "spanNulls": false,
            "stacking": {
              "group": "A",
              "mode": "none"
            },
            "thresholdsStyle": {
              "mode": "dashed"
            }
          },
          "decimals": 0,
          "mappings": [],
          "max": 31,
          "min": 0,
          "thresholds": {
            "mode": "absolute",
            "steps": [
              {
                "color": "green",
                "value": null
              }
            ]
          },
          "unit": "none"
        },
        "overrides": []
      },
      "gridPos": {
        "h": 6,
        "w": 12,
        "x": 0,
        "y": 12
      },
      "id": 17,
      "options": {
        "legend": {
          "calcs": [
            "last"
          ],
          "displayMode": "table",
          "placement": "right",
          "showLegend": true
        },
        "tooltip": {
          "mode": "single",
          "sort": "none"
        }
      },
      "targets": [
        {
          "datasource": {
            "type": "influxdb",
            "uid": "JOSE3g9KVz"
          },
          "query": "from(bucket: \"srsran\")\n  |> range(start: v.timeRangeStart, stop: v.timeRangeStop)\n  |> filter(fn: (r) => r[\"_measurement\"] == \"ue_info\")  \n  |> filter(fn: (r) => r[\"testbed\"] == \"default\")\n  |> filter(fn: (r) => r[\"_field\"] == \"ul_mcs\")",
          "refId": "Downlink"
        }
      ],
      "title": "Uplink MCS",
      "transformations": [
        {
          "id": "renameByRegex",
          "options": {
            "regex": ".*rnti=\"(\\w+).*$",
            "renamePattern": "UE $1"
          }
        }
      ],
      "type": "timeseries"
    },
    {
      "datasource": {
        "type": "influxdb",
        "uid": "JOSE3g9KVz"
      },
      "description": "",
      "fieldConfig": {
        "defaults": {
          "color": {
            "mode": "palette-classic"
          },
          "custom": {
            "axisBorderShow": false,
            "axisCenteredZero": false,
            "axisColorMode": "text",
            "axisLabel": "",
            "axisPlacement": "auto",
            "barAlignment": 0,
            "drawStyle": "line",
            "fillOpacity": 0,
            "gradientMode": "none",
            "hideFrom": {
              "legend": false,
              "tooltip": false,
              "viz": false
            },
            "insertNulls": 30000,
            "lineInterpolation": "linear",
            "lineStyle": {
              "fill": "solid"
            },
            "lineWidth": 1,
            "pointSize": 7,
            "scaleDistribution": {
              "type": "linear"
            },
            "showPoints": "never",
            "spanNulls": false,
            "stacking": {
              "group": "A",
              "mode": "none"
            },
            "thresholdsStyle": {
              "mode": "dashed"
            }
          },
          "decimals": 0,
          "mappings": [],
          "max": 31,
          "min": 0,
          "thresholds": {
            "mode": "absolute",
            "steps": [
              {
                "color": "green",
                "value": null
              }
            ]
          },
          "unit": "none"
        },
        "overrides": []
      },
      "gridPos": {
        "h": 6,
        "w": 12,
        "x": 12,
        "y": 12
      },
      "id": 8,
      "options": {
        "legend": {
          "calcs": [
            "last"
          ],
          "displayMode": "table",
          "placement": "right",
          "showLegend": true
        },
        "tooltip": {
          "mode": "single",
          "sort": "none"
        }
      },
      "targets": [
        {
          "datasource": {
            "type": "influxdb",
            "uid": "JOSE3g9KVz"
          },
          "query": "from(bucket: \"srsran\")\n  |> range(start: v.timeRangeStart, stop: v.timeRangeStop)\n  |> filter(fn: (r) => r[\"_measurement\"] == \"ue_info\")  \n  |> filter(fn: (r) => r[\"testbed\"] == \"default\")\n  |> filter(fn: (r) => r[\"_field\"] == \"dl_mcs\")",
          "refId": "Downlink"
        }
      ],
      "title": "Downlink MCS",
      "transformations": [
        {
          "id": "renameByRegex",
          "options": {
            "regex": ".*rnti=\"(\\w+).*$",
            "renamePattern": "UE $1"
          }
        }
      ],
      "type": "timeseries"
    },
    {
      "datasource": {
        "type": "influxdb",
        "uid": "JOSE3g9KVz"
      },
      "description": "",
      "fieldConfig": {
        "defaults": {
          "color": {
            "mode": "palette-classic"
          },
          "custom": {
            "axisBorderShow": false,
            "axisCenteredZero": false,
            "axisColorMode": "text",
            "axisLabel": "",
            "axisPlacement": "auto",
            "barAlignment": 0,
            "drawStyle": "line",
            "fillOpacity": 0,
            "gradientMode": "none",
            "hideFrom": {
              "legend": false,
              "tooltip": false,
              "viz": false
            },
            "insertNulls": 30000,
            "lineInterpolation": "linear",
            "lineStyle": {
              "fill": "solid"
            },
            "lineWidth": 1,
            "pointSize": 7,
            "scaleDistribution": {
              "log": 2,
              "type": "log"
            },
            "showPoints": "never",
            "spanNulls": false,
            "stacking": {
              "group": "A",
              "mode": "none"
            },
            "thresholdsStyle": {
              "mode": "dashed"
            }
          },
          "decimals": 2,
          "mappings": [],
          "min": 0,
          "thresholds": {
            "mode": "absolute",
            "steps": [
              {
                "color": "green",
                "value": null
              }
            ]
          },
          "unit": "dB"
        },
        "overrides": []
      },
      "gridPos": {
        "h": 6,
        "w": 12,
        "x": 0,
        "y": 18
      },
      "id": 10,
      "options": {
        "legend": {
          "calcs": [
            "last"
          ],
          "displayMode": "table",
          "placement": "right",
          "showLegend": true
        },
        "tooltip": {
          "mode": "single",
          "sort": "none"
        }
      },
      "targets": [
        {
          "datasource": {
            "type": "influxdb",
            "uid": "JOSE3g9KVz"
          },
          "query": "from(bucket: \"srsran\")\n  |> range(start: v.timeRangeStart, stop: v.timeRangeStop)\n  |> filter(fn: (r) => r[\"_measurement\"] == \"ue_info\")  \n  |> filter(fn: (r) => r[\"testbed\"] == \"default\")\n  |> filter(fn: (r) => r[\"_field\"] == \"pusch_snr_db\")",
          "refId": "Downlink"
        }
      ],
      "title": "Uplink SNR",
      "transformations": [
        {
          "id": "renameByRegex",
          "options": {
            "regex": ".*rnti=\"(\\w+).*$",
            "renamePattern": "UE $1"
          }
        }
      ],
      "type": "timeseries"
    },
    {
      "datasource": {
        "type": "influxdb",
        "uid": "JOSE3g9KVz"
      },
      "description": "",
      "fieldConfig": {
        "defaults": {
          "color": {
            "mode": "palette-classic"
          },
          "custom": {
            "axisBorderShow": false,
            "axisCenteredZero": false,
            "axisColorMode": "text",
            "axisLabel": "",
            "axisPlacement": "auto",
            "barAlignment": 0,
            "drawStyle": "line",
            "fillOpacity": 0,
            "gradientMode": "none",
            "hideFrom": {
              "legend": false,
              "tooltip": false,
              "viz": false
            },
            "insertNulls": 30000,
            "lineInterpolation": "linear",
            "lineStyle": {
              "fill": "solid"
            },
            "lineWidth": 1,
            "pointSize": 7,
            "scaleDistribution": {
              "type": "linear"
            },
            "showPoints": "never",
            "spanNulls": false,
            "stacking": {
              "group": "A",
              "mode": "none"
            },
            "thresholdsStyle": {
              "mode": "dashed"
            }
          },
          "decimals": 0,
          "mappings": [],
          "max": 15,
          "min": 0,
          "thresholds": {
            "mode": "absolute",
            "steps": [
              {
                "color": "green",
                "value": null
              }
            ]
          },
          "unit": "none"
        },
        "overrides": []
      },
      "gridPos": {
        "h": 6,
        "w": 12,
        "x": 12,
        "y": 18
      },
      "id": 7,
      "options": {
        "legend": {
          "calcs": [
            "last"
          ],
          "displayMode": "table",
          "placement": "right",
          "showLegend": true
        },
        "tooltip": {
          "mode": "single",
          "sort": "none"
        }
      },
      "targets": [
        {
          "datasource": {
            "type": "influxdb",
            "uid": "JOSE3g9KVz"
          },
          "query": "from(bucket: \"srsran\")\n  |> range(start: v.timeRangeStart, stop: v.timeRangeStop)\n  |> filter(fn: (r) => r[\"_measurement\"] == \"ue_info\")  \n  |> filter(fn: (r) => r[\"testbed\"] == \"default\")\n  |> filter(fn: (r) => r[\"_field\"] == \"cqi\")",
          "refId": "Downlink"
        }
      ],
      "title": "CQI",
      "transformations": [
        {
          "id": "renameByRegex",
          "options": {
            "regex": ".*rnti=\"(\\w+).*$",
            "renamePattern": "UE $1"
          }
        }
      ],
      "type": "timeseries"
    },
    {
      "datasource": {
        "type": "influxdb",
        "uid": "JOSE3g9KVz"
      },
      "description": "",
      "fieldConfig": {
        "defaults": {
          "color": {
            "mode": "palette-classic"
          },
          "custom": {
            "axisBorderShow": false,
            "axisCenteredZero": false,
            "axisColorMode": "text",
            "axisLabel": "",
            "axisPlacement": "auto",
            "barAlignment": 0,
            "drawStyle": "line",
            "fillOpacity": 0,
            "gradientMode": "none",
            "hideFrom": {
              "legend": false,
              "tooltip": false,
              "viz": false
            },
            "insertNulls": 30000,
            "lineInterpolation": "linear",
            "lineStyle": {
              "fill": "solid"
            },
            "lineWidth": 1,
            "pointSize": 7,
            "scaleDistribution": {
              "type": "linear"
            },
            "showPoints": "never",
            "spanNulls": false,
            "stacking": {
              "group": "A",
              "mode": "none"
            },
            "thresholdsStyle": {
              "mode": "dashed"
            }
          },
          "mappings": [],
          "thresholds": {
            "mode": "absolute",
            "steps": [
              {
                "color": "green",
                "value": null
              }
            ]
          },
          "unit": "percentunit"
        },
        "overrides": []
      },
      "gridPos": {
        "h": 6,
        "w": 12,
        "x": 0,
        "y": 24
      },
      "id": 23,
      "options": {
        "legend": {
          "calcs": [
            "last"
          ],
          "displayMode": "table",
          "placement": "right",
          "showLegend": true
        },
        "tooltip": {
          "mode": "single",
          "sort": "none"
        }
      },
      "targets": [
        {
          "datasource": {
            "type": "influxdb",
            "uid": "JOSE3g9KVz"
          },
          "hide": false,
          "query": "from(bucket: \"srsran\")\n  |> range(start: v.timeRangeStart, stop: v.timeRangeStop)\n  |> filter(fn: (r) => r[\"_measurement\"] == \"ue_info\")  \n  |> filter(fn: (r) => r[\"testbed\"] == \"default\")\n  |> filter(fn: (r) => r[\"_field\"] == \"ul_nof_nok\")",
          "refId": "A"
        },
        {
          "datasource": {
            "type": "influxdb",
            "uid": "JOSE3g9KVz"
          },
          "hide": false,
          "query": "from(bucket: \"srsran\")\n  |> range(start: v.timeRangeStart, stop: v.timeRangeStop)\n  |> filter(fn: (r) => r[\"_measurement\"] == \"ue_info\")  \n  |> filter(fn: (r) => r[\"testbed\"] == \"default\")\n  |> filter(fn: (r) => r[\"_field\"] == \"ul_nof_ok\")",
          "refId": "B"
        }
      ],
      "title": "UL Retransmission %",
      "transformations": [
        {
          "id": "merge",
          "options": {}
        },
        {
          "id": "calculateField",
          "options": {
            "alias": "UL Retransmission",
            "binary": {
              "left": "ul_nof_nok",
              "operator": "/",
              "right": "ul_nof_ok"
            },
            "mode": "binary",
            "reduce": {
              "reducer": "sum"
            },
            "replaceFields": false
          }
        },
        {
          "id": "organize",
          "options": {
            "excludeByName": {
              "Time": false,
              "ul_nof_nok": true,
              "ul_nof_ok": true
            },
            "includeByName": {},
            "indexByName": {},
            "renameByName": {
              "UL Retransmission": "UL Ret %"
            }
          }
        }
      ],
      "type": "timeseries"
    },
    {
      "datasource": {
        "type": "influxdb",
        "uid": "JOSE3g9KVz"
      },
      "description": "",
      "fieldConfig": {
        "defaults": {
          "color": {
            "mode": "palette-classic"
          },
          "custom": {
            "axisBorderShow": false,
            "axisCenteredZero": false,
            "axisColorMode": "text",
            "axisLabel": "",
            "axisPlacement": "auto",
            "barAlignment": 0,
            "drawStyle": "line",
            "fillOpacity": 0,
            "gradientMode": "none",
            "hideFrom": {
              "legend": false,
              "tooltip": false,
              "viz": false
            },
            "insertNulls": 30000,
            "lineInterpolation": "linear",
            "lineStyle": {
              "fill": "solid"
            },
            "lineWidth": 1,
            "pointSize": 7,
            "scaleDistribution": {
              "type": "linear"
            },
            "showPoints": "never",
            "spanNulls": false,
            "stacking": {
              "group": "A",
              "mode": "none"
            },
            "thresholdsStyle": {
              "mode": "dashed"
            }
          },
          "mappings": [],
          "thresholds": {
            "mode": "absolute",
            "steps": [
              {
                "color": "green",
                "value": null
              }
            ]
          },
          "unit": "percentunit"
        },
        "overrides": []
      },
      "gridPos": {
        "h": 6,
        "w": 12,
        "x": 12,
        "y": 24
      },
      "id": 20,
      "options": {
        "legend": {
          "calcs": [
            "last"
          ],
          "displayMode": "table",
          "placement": "right",
          "showLegend": true
        },
        "tooltip": {
          "mode": "single",
          "sort": "none"
        }
      },
      "targets": [
        {
          "datasource": {
            "type": "influxdb",
            "uid": "JOSE3g9KVz"
          },
          "hide": false,
          "query": "from(bucket: \"srsran\")\n  |> range(start: v.timeRangeStart, stop: v.timeRangeStop)\n  |> filter(fn: (r) => r[\"_measurement\"] == \"ue_info\")  \n  |> filter(fn: (r) => r[\"testbed\"] == \"default\")\n  |> filter(fn: (r) => r[\"_field\"] == \"dl_nof_nok\")",
          "refId": "A"
        },
        {
          "datasource": {
            "type": "influxdb",
            "uid": "JOSE3g9KVz"
          },
          "hide": false,
          "query": "from(bucket: \"srsran\")\n  |> range(start: v.timeRangeStart, stop: v.timeRangeStop)\n  |> filter(fn: (r) => r[\"_measurement\"] == \"ue_info\")  \n  |> filter(fn: (r) => r[\"testbed\"] == \"default\")\n  |> filter(fn: (r) => r[\"_field\"] == \"dl_nof_ok\")",
          "refId": "B"
        }
      ],
      "title": "DL Retransmission %",
      "transformations": [
        {
          "id": "merge",
          "options": {}
        },
        {
          "id": "calculateField",
          "options": {
            "alias": "DL Retransmission",
            "binary": {
              "left": "dl_nof_nok",
              "operator": "/",
              "right": "dl_nof_ok"
            },
            "mode": "binary",
            "reduce": {
              "reducer": "sum"
            },
            "replaceFields": false
          }
        },
        {
          "id": "organize",
          "options": {
            "excludeByName": {
              "Time": false,
              "dl_nof_nok": true,
              "dl_nof_ok": true,
              "ul_nof_nok": true,
              "ul_nof_ok": true
            },
            "includeByName": {},
            "indexByName": {},
            "renameByName": {
              "DL Retransmission": "DL Ret %"
            }
          }
        }
      ],
      "type": "timeseries"
    },
    {
      "datasource": {
        "type": "influxdb",
        "uid": "JOSE3g9KVz"
      },
      "description": "",
      "fieldConfig": {
        "defaults": {
          "color": {
            "mode": "palette-classic"
          },
          "custom": {
            "axisBorderShow": false,
            "axisCenteredZero": false,
            "axisColorMode": "text",
            "axisLabel": "",
            "axisPlacement": "auto",
            "barAlignment": 0,
            "drawStyle": "line",
            "fillOpacity": 0,
            "gradientMode": "none",
            "hideFrom": {
              "legend": false,
              "tooltip": false,
              "viz": false
            },
            "insertNulls": 30000,
            "lineInterpolation": "linear",
            "lineStyle": {
              "fill": "solid"
            },
            "lineWidth": 1,
            "pointSize": 7,
            "scaleDistribution": {
              "type": "linear"
            },
            "showPoints": "never",
            "spanNulls": false,
            "stacking": {
              "group": "A",
              "mode": "none"
            },
            "thresholdsStyle": {
              "mode": "dashed"
            }
          },
          "decimals": 0,
          "mappings": [],
          "thresholds": {
            "mode": "absolute",
            "steps": [
              {
                "color": "green",
                "value": null
              }
            ]
          },
          "unit": "none"
        },
        "overrides": []
      },
      "gridPos": {
        "h": 6,
        "w": 12,
        "x": 0,
        "y": 30
      },
      "id": 22,
      "options": {
        "legend": {
          "calcs": [
            "last"
          ],
          "displayMode": "table",
          "placement": "right",
          "showLegend": true
        },
        "tooltip": {
          "mode": "single",
          "sort": "none"
        }
      },
      "targets": [
        {
          "datasource": {
            "type": "influxdb",
            "uid": "JOSE3g9KVz"
          },
          "query": "from(bucket: \"srsran\")\n  |> range(start: v.timeRangeStart, stop: v.timeRangeStop)\n  |> filter(fn: (r) => r[\"_measurement\"] == \"ue_info\")  \n  |> filter(fn: (r) => r[\"testbed\"] == \"default\")\n  |> filter(fn: (r) => r[\"_field\"] == \"ul_nof_nok\")",
          "refId": "Downlink"
        }
      ],
      "title": "UL Number of NACKs",
      "transformations": [
        {
          "id": "renameByRegex",
          "options": {
            "regex": ".*rnti=\"(\\w+).*$",
            "renamePattern": "UE $1"
          }
        }
      ],
      "type": "timeseries"
    },
    {
      "datasource": {
        "type": "influxdb",
        "uid": "JOSE3g9KVz"
      },
      "description": "",
      "fieldConfig": {
        "defaults": {
          "color": {
            "mode": "palette-classic"
          },
          "custom": {
            "axisBorderShow": false,
            "axisCenteredZero": false,
            "axisColorMode": "text",
            "axisLabel": "",
            "axisPlacement": "auto",
            "barAlignment": 0,
            "drawStyle": "line",
            "fillOpacity": 0,
            "gradientMode": "none",
            "hideFrom": {
              "legend": false,
              "tooltip": false,
              "viz": false
            },
            "insertNulls": 30000,
            "lineInterpolation": "linear",
            "lineStyle": {
              "fill": "solid"
            },
            "lineWidth": 1,
            "pointSize": 7,
            "scaleDistribution": {
              "type": "linear"
            },
            "showPoints": "never",
            "spanNulls": false,
            "stacking": {
              "group": "A",
              "mode": "none"
            },
            "thresholdsStyle": {
              "mode": "dashed"
            }
          },
          "decimals": 0,
          "mappings": [],
          "thresholds": {
            "mode": "absolute",
            "steps": [
              {
                "color": "green",
                "value": null
              }
            ]
          },
          "unit": "none"
        },
        "overrides": []
      },
      "gridPos": {
        "h": 6,
        "w": 12,
        "x": 12,
        "y": 30
      },
      "id": 21,
      "options": {
        "legend": {
          "calcs": [
            "last"
          ],
          "displayMode": "table",
          "placement": "right",
          "showLegend": true
        },
        "tooltip": {
          "mode": "single",
          "sort": "none"
        }
      },
      "targets": [
        {
          "datasource": {
            "type": "influxdb",
            "uid": "JOSE3g9KVz"
          },
          "query": "from(bucket: \"srsran\")\n  |> range(start: v.timeRangeStart, stop: v.timeRangeStop)\n  |> filter(fn: (r) => r[\"_measurement\"] == \"ue_info\")  \n  |> filter(fn: (r) => r[\"testbed\"] == \"default\")\n  |> filter(fn: (r) => r[\"_field\"] == \"dl_nof_nok\")",
          "refId": "Downlink"
        }
      ],
      "title": "DL Number of NACKs",
      "transformations": [
        {
          "id": "renameByRegex",
          "options": {
            "regex": ".*rnti=\"(\\w+).*$",
            "renamePattern": "UE $1"
          }
        }
      ],
      "type": "timeseries"
    },
    {
      "datasource": {
        "type": "influxdb",
        "uid": "JOSE3g9KVz"
      },
      "description": "",
      "fieldConfig": {
        "defaults": {
          "color": {
            "mode": "palette-classic"
          },
          "custom": {
            "axisBorderShow": false,
            "axisCenteredZero": false,
            "axisColorMode": "text",
            "axisLabel": "",
            "axisPlacement": "auto",
            "barAlignment": 0,
            "drawStyle": "line",
            "fillOpacity": 0,
            "gradientMode": "none",
            "hideFrom": {
              "legend": false,
              "tooltip": false,
              "viz": false
            },
            "insertNulls": 30000,
            "lineInterpolation": "linear",
            "lineStyle": {
              "fill": "solid"
            },
            "lineWidth": 1,
            "pointSize": 7,
            "scaleDistribution": {
              "type": "linear"
            },
            "showPoints": "never",
            "spanNulls": false,
            "stacking": {
              "group": "A",
              "mode": "none"
            },
            "thresholdsStyle": {
              "mode": "dashed"
            }
          },
          "decimals": 0,
          "mappings": [],
          "max": 15,
          "min": 0,
          "thresholds": {
            "mode": "absolute",
            "steps": [
              {
                "color": "green",
                "value": null
              }
            ]
          },
          "unit": "none"
        },
        "overrides": []
      },
      "gridPos": {
        "h": 6,
        "w": 12,
        "x": 12,
        "y": 36
      },
      "id": 19,
      "options": {
        "legend": {
          "calcs": [
            "last"
          ],
          "displayMode": "table",
          "placement": "right",
          "showLegend": true
        },
        "tooltip": {
          "mode": "single",
          "sort": "none"
        }
      },
      "targets": [
        {
          "datasource": {
            "type": "influxdb",
            "uid": "JOSE3g9KVz"
          },
          "query": "from(bucket: \"srsran\")\n  |> range(start: v.timeRangeStart, stop: v.timeRangeStop)\n  |> filter(fn: (r) => r[\"_measurement\"] == \"ue_info\")  \n  |> filter(fn: (r) => r[\"testbed\"] == \"default\")\n  |> filter(fn: (r) => r[\"_field\"] == \"ri\")",
          "refId": "Downlink"
        }
      ],
      "title": "RI",
      "transformations": [
        {
          "id": "renameByRegex",
          "options": {
            "regex": ".*rnti=\"(\\w+).*$",
            "renamePattern": "UE $1"
          }
        }
      ],
      "type": "timeseries"
    }
  ],
  "refresh": "1s",
  "schemaVersion": 39,
  "tags": [],
  "templating": {
    "list": []
  },
  "time": {
    "from": "now-5m",
    "to": "now"
  },
  "timepicker": {
    "refresh_intervals": [
      "1s",
      "5s",
      "10s",
      "30s",
      "1m",
      "5m",
      "12m",
      "15m",
      "30m",
      "1h",
      "2h",
      "1d"
    ]
  },
  "timezone": "",
  "title": "srsRAN Project Metrics - Extra",
  "uid": "a8a69f8a-1dd1-4496-8f3f-33de8988a824",
  "version": 2,
  "weekStart": ""
}